{"cameraMode":{"drawMode":0,"name":"Shaded","section":"Shading Mode"},"sceneLighting":false,"audioPlay":false,"sceneViewState":{"m_AlwaysRefresh":false,"showFog":true,"showSkybox":false,"showFlares":true,"showImageEffects":true,"showParticleSystems":true,"showVisualEffectGraphs":true,"m_FxEnabled":true},"in2DMode":false,"pivot":{"x":0.011847734451293946,"y":0.10420739650726319,"z":0.011847734451293946},"rotation":{"x":0.11108851432800293,"y":-0.005660621449351311,"z":0.0005897888913750649,"w":0.9938850998878479},"size":4.783172607421875,"orthographic":false}