{"cameraMode":{"drawMode":0,"name":"Shaded","section":"Shading Mode"},"sceneLighting":true,"audioPlay":false,"sceneViewState":{"m_AlwaysRefresh":false,"showFog":true,"showSkybox":true,"showFlares":true,"showImageEffects":true,"showParticleSystems":true,"showVisualEffectGraphs":true,"m_FxEnabled":true},"in2DMode":false,"pivot":{"x":-0.22921119630336762,"y":2.0065786838531496,"z":0.0011135800741612912},"rotation":{"x":0.10211627185344696,"y":0.021189916878938676,"z":-0.0022499605547636749,"w":0.9946397542953491},"size":1.0683423280715943,"orthographic":false}