{"cameraMode":{"drawMode":0,"name":"Shaded","section":"Shading Mode"},"sceneLighting":true,"audioPlay":false,"sceneViewState":{"m_AlwaysRefresh":false,"showFog":true,"showSkybox":true,"showFlares":true,"showImageEffects":true,"showParticleSystems":true,"showVisualEffectGraphs":true,"m_FxEnabled":true},"in2DMode":false,"pivot":{"x":378.5260925292969,"y":432.7458190917969,"z":-307.4819641113281},"rotation":{"x":-0.05724286660552025,"y":0.036531638354063037,"z":-0.0020676665008068086,"w":-0.9977104067802429},"size":2.7895100116729738,"orthographic":false}